date,day_of_week,meal_type,is_exam_period,active_leaves,current_occupancy,actual_count,prep_count,waste_kg
2026-03-30,Monday,Breakfast,0,14,486,397,445,16.8
2026-03-30,Monday,Lunch,0,14,486,416,443,9.4
2026-03-30,Monday,Dinner,0,14,486,440,464,8.4
2026-03-31,Tuesday,Breakfast,0,13,487,409,458,17.1
2026-03-31,Tuesday,Lunch,0,13,487,423,451,9.8
2026-03-31,Tuesday,Dinner,0,13,487,443,473,10.5
2026-04-01,Wednesday,Breakfast,0,13,487,380,415,12.2
2026-04-01,Wednesday,Lunch,0,13,487,436,463,9.4
2026-04-01,Wednesday,Dinner,0,13,487,423,456,11.5
2026-04-02,Thursday,Breakfast,0,7,493,382,431,17.1
2026-04-02,Thursday,Lunch,0,7,493,434,481,16.4
2026-04-02,Thursday,Dinner,0,7,493,429,452,8.0
2026-04-03,Friday,Breakfast,0,5,495,409,432,8.0
2026-04-03,Friday,Lunch,0,5,495,429,454,8.8
2026-04-03,Friday,Dinner,0,5,495,454,507,18.5
2026-04-04,Saturday,Breakfast,0,33,467,269,295,9.1
2026-04-04,Saturday,Lunch,0,33,467,344,371,9.4
2026-04-04,Saturday,Dinner,0,33,467,291,320,10.1
2026-04-05,Sunday,Breakfast,0,32,468,273,313,14.0
2026-04-05,Sunday,Lunch,0,32,468,339,387,16.8
2026-04-05,Sunday,Dinner,0,32,468,313,331,6.3
2026-04-06,Monday,Breakfast,0,5,495,390,420,10.5
2026-04-06,Monday,Lunch,0,5,495,430,463,11.5
2026-04-06,Monday,Dinner,0,5,495,456,503,16.4
2026-04-07,Tuesday,Breakfast,0,13,487,395,417,7.7
2026-04-07,Tuesday,Lunch,0,13,487,434,487,18.5
2026-04-07,Tuesday,Dinner,0,13,487,447,503,19.6
2026-04-08,Wednesday,Breakfast,0,10,490,395,419,8.4
2026-04-08,Wednesday,Lunch,0,10,490,434,470,12.6
2026-04-08,Wednesday,Dinner,0,10,490,450,475,8.8
2026-04-09,Thursday,Breakfast,0,5,495,393,441,16.8
2026-04-09,Thursday,Lunch,0,5,495,443,486,15.0
2026-04-09,Thursday,Dinner,0,5,495,448,475,9.4
2026-04-10,Friday,Breakfast,1,17,483,428,473,15.7
2026-04-10,Friday,Lunch,1,17,483,448,493,15.7
2026-04-10,Friday,Dinner,1,17,483,474,517,15.0
2026-04-11,Saturday,Breakfast,1,40,460,286,309,8.0
2026-04-11,Saturday,Lunch,1,40,460,363,390,9.4
2026-04-11,Saturday,Dinner,1,40,460,322,351,10.1
2026-04-12,Sunday,Breakfast,1,35,465,300,317,5.9
2026-04-12,Sunday,Lunch,1,35,465,349,398,17.1
2026-04-12,Sunday,Dinner,1,35,465,320,361,14.3
2026-04-13,Monday,Breakfast,1,17,483,423,478,19.2
2026-04-13,Monday,Lunch,1,17,483,462,526,22.4
2026-04-13,Monday,Dinner,1,17,483,460,497,12.9
2026-04-14,Tuesday,Breakfast,1,10,490,422,461,13.6
2026-04-14,Tuesday,Lunch,1,10,490,458,481,8.0
2026-04-14,Tuesday,Dinner,1,10,490,468,515,16.4
2026-04-15,Wednesday,Breakfast,1,3,497,428,454,9.1
2026-04-15,Wednesday,Lunch,1,3,497,466,504,13.3
2026-04-15,Wednesday,Dinner,1,3,497,470,517,16.4
2026-04-16,Thursday,Breakfast,1,6,494,443,508,22.8
2026-04-16,Thursday,Lunch,1,6,494,440,474,11.9
2026-04-16,Thursday,Dinner,1,6,494,469,494,8.8
2026-04-17,Friday,Breakfast,1,12,488,449,473,8.4
2026-04-17,Friday,Lunch,1,12,488,458,491,11.5
2026-04-17,Friday,Dinner,1,12,488,461,490,10.1
2026-04-18,Saturday,Breakfast,1,42,458,288,309,7.3
2026-04-18,Saturday,Lunch,1,42,458,364,390,9.1
2026-04-18,Saturday,Dinner,1,42,458,328,368,14.0
2026-04-19,Sunday,Breakfast,1,48,452,270,300,10.5
2026-04-19,Sunday,Lunch,1,48,452,339,384,15.7
2026-04-19,Sunday,Dinner,1,48,452,317,343,9.1
2026-04-20,Monday,Breakfast,1,22,478,424,445,7.3
2026-04-20,Monday,Lunch,1,22,478,429,478,17.1
2026-04-20,Monday,Dinner,1,22,478,454,484,10.5
2026-04-21,Tuesday,Breakfast,1,6,494,445,508,22.0
2026-04-21,Tuesday,Lunch,1,6,494,455,482,9.4
2026-04-21,Tuesday,Dinner,1,6,494,460,525,22.8
2026-04-22,Wednesday,Breakfast,0,9,491,408,455,16.4
2026-04-22,Wednesday,Lunch,0,9,491,434,478,15.4
2026-04-22,Wednesday,Dinner,0,9,491,454,487,11.5
2026-04-23,Thursday,Breakfast,0,13,487,407,441,11.9
2026-04-23,Thursday,Lunch,0,13,487,441,502,21.3
2026-04-23,Thursday,Dinner,0,13,487,429,488,20.6
2026-04-24,Friday,Breakfast,0,15,485,409,432,8.0
2026-04-24,Friday,Lunch,0,15,485,429,450,7.3
2026-04-24,Friday,Dinner,0,15,485,429,457,9.8
2026-04-25,Saturday,Breakfast,0,51,449,265,295,10.5
2026-04-25,Saturday,Lunch,0,51,449,330,354,8.4
2026-04-25,Saturday,Dinner,0,51,449,282,305,8.0
2026-04-26,Sunday,Breakfast,0,44,456,277,314,12.9
2026-04-26,Sunday,Lunch,0,44,456,336,355,6.6
2026-04-26,Sunday,Dinner,0,44,456,315,342,9.4
2026-04-27,Monday,Breakfast,0,6,494,396,454,20.3
2026-04-27,Monday,Lunch,0,6,494,443,493,17.5
2026-04-27,Monday,Dinner,0,6,494,442,499,19.9
2026-04-28,Tuesday,Breakfast,0,28,472,387,425,13.3
2026-04-28,Tuesday,Lunch,0,28,472,421,453,11.2
2026-04-28,Tuesday,Dinner,0,28,472,416,437,7.3
2026-04-29,Wednesday,Breakfast,0,5,495,410,469,20.6
2026-04-29,Wednesday,Lunch,0,5,495,434,497,22.0
2026-04-29,Wednesday,Dinner,0,5,495,452,518,23.1
2026-04-30,Thursday,Breakfast,0,9,491,410,446,12.6
2026-04-30,Thursday,Lunch,0,9,491,427,455,9.8
2026-04-30,Thursday,Dinner,0,9,491,450,497,16.4
2026-05-01,Friday,Breakfast,0,13,487,403,446,15.0
2026-05-01,Friday,Lunch,0,13,487,430,494,22.4
2026-05-01,Friday,Dinner,0,13,487,430,457,9.4
2026-05-02,Saturday,Breakfast,0,46,454,263,295,11.2
2026-05-02,Saturday,Lunch,0,46,454,337,365,9.8
2026-05-02,Saturday,Dinner,0,46,454,305,329,8.4
2026-05-03,Sunday,Breakfast,0,43,457,270,306,12.6
2026-05-03,Sunday,Lunch,0,43,457,329,361,11.2
2026-05-03,Sunday,Dinner,0,43,457,305,344,13.6
2026-05-04,Monday,Breakfast,0,19,481,404,456,18.2
2026-05-04,Monday,Lunch,0,19,481,420,456,12.6
2026-05-04,Monday,Dinner,0,19,481,440,466,9.1
2026-05-05,Tuesday,Breakfast,0,9,491,403,441,13.3
2026-05-05,Tuesday,Lunch,0,9,491,414,459,15.7
2026-05-05,Tuesday,Dinner,0,9,491,445,468,8.0
2026-05-06,Wednesday,Breakfast,0,6,494,401,441,14.0
2026-05-06,Wednesday,Lunch,0,6,494,427,474,16.4
2026-05-06,Wednesday,Dinner,0,6,494,451,477,9.1
2026-05-07,Thursday,Breakfast,0,12,488,393,433,14.0
2026-05-07,Thursday,Lunch,0,12,488,443,508,22.8
2026-05-07,Thursday,Dinner,0,12,488,447,492,15.7
2026-05-08,Friday,Breakfast,0,18,482,388,417,10.1
2026-05-08,Friday,Lunch,0,18,482,416,437,7.3
2026-05-08,Friday,Dinner,0,18,482,432,495,22.0
2026-05-09,Saturday,Breakfast,0,43,457,273,297,8.4
2026-05-09,Saturday,Lunch,0,43,457,325,349,8.4
2026-05-09,Saturday,Dinner,0,43,457,293,323,10.5
2026-05-10,Sunday,Breakfast,1,45,455,299,322,8.0
2026-05-10,Sunday,Lunch,1,45,455,371,405,11.9
2026-05-10,Sunday,Dinner,1,45,455,328,352,8.4
2026-05-11,Monday,Breakfast,1,19,481,411,432,7.3
2026-05-11,Monday,Lunch,1,19,481,444,470,9.1
2026-05-11,Monday,Dinner,1,19,481,475,522,16.4
2026-05-12,Tuesday,Breakfast,1,4,496,430,470,14.0
2026-05-12,Tuesday,Lunch,1,4,496,477,531,18.9
2026-05-12,Tuesday,Dinner,1,4,496,456,480,8.4
2026-05-13,Wednesday,Breakfast,1,20,480,403,443,14.0
2026-05-13,Wednesday,Lunch,1,20,480,450,479,10.1
2026-05-13,Wednesday,Dinner,1,20,480,465,491,9.1
2026-05-14,Thursday,Breakfast,1,10,490,426,472,16.1
2026-05-14,Thursday,Lunch,1,10,490,456,496,14.0
2026-05-14,Thursday,Dinner,1,10,490,472,525,18.5
2026-05-15,Friday,Breakfast,1,24,476,394,450,19.6
2026-05-15,Friday,Lunch,1,24,476,447,509,21.7
2026-05-15,Friday,Dinner,1,24,476,451,482,10.8
2026-05-16,Saturday,Breakfast,1,37,463,293,316,8.0
2026-05-16,Saturday,Lunch,1,37,463,350,371,7.3
2026-05-16,Saturday,Dinner,1,37,463,332,371,13.6
2026-05-17,Sunday,Breakfast,1,45,455,289,324,12.2
2026-05-17,Sunday,Lunch,1,45,455,344,367,8.0
2026-05-17,Sunday,Dinner,1,45,455,327,367,14.0
2026-05-18,Monday,Breakfast,1,2,498,421,474,18.5
2026-05-18,Monday,Lunch,1,2,498,468,531,22.0
2026-05-18,Monday,Dinner,1,2,498,471,514,15.0
2026-05-19,Tuesday,Breakfast,1,16,484,429,454,8.8
2026-05-19,Tuesday,Lunch,1,16,484,450,509,20.6
2026-05-19,Tuesday,Dinner,1,16,484,469,507,13.3
2026-05-20,Wednesday,Breakfast,1,10,490,434,456,7.7
2026-05-20,Wednesday,Lunch,1,10,490,458,524,23.1
2026-05-20,Wednesday,Dinner,1,10,490,464,513,17.1
2026-05-21,Thursday,Breakfast,1,7,493,449,484,12.2
2026-05-21,Thursday,Lunch,1,7,493,470,528,20.3
2026-05-21,Thursday,Dinner,1,7,493,456,514,20.3
2026-05-22,Friday,Breakfast,0,7,493,404,446,14.7
2026-05-22,Friday,Lunch,0,7,493,443,480,12.9
2026-05-22,Friday,Dinner,0,7,493,442,469,9.4
2026-05-23,Saturday,Breakfast,0,42,458,260,289,10.1
2026-05-23,Saturday,Lunch,0,42,458,325,367,14.7
2026-05-23,Saturday,Dinner,0,42,458,299,335,12.6
2026-05-24,Sunday,Breakfast,0,46,454,258,295,12.9
2026-05-24,Sunday,Lunch,0,46,454,319,359,14.0
2026-05-24,Sunday,Dinner,0,46,454,292,322,10.5
2026-05-25,Monday,Breakfast,0,17,483,394,418,8.4
2026-05-25,Monday,Lunch,0,17,483,422,462,14.0
2026-05-25,Monday,Dinner,0,17,483,434,458,8.4
2026-05-26,Tuesday,Breakfast,0,19,481,402,445,15.0
2026-05-26,Tuesday,Lunch,0,19,481,422,455,11.5
2026-05-26,Tuesday,Dinner,0,19,481,436,495,20.6
2026-05-27,Wednesday,Breakfast,0,13,487,399,421,7.7
2026-05-27,Wednesday,Lunch,0,13,487,433,477,15.4
2026-05-27,Wednesday,Dinner,0,13,487,438,487,17.1
2026-05-28,Thursday,Breakfast,0,9,491,421,468,16.4
2026-05-28,Thursday,Lunch,0,9,491,440,463,8.0
2026-05-28,Thursday,Dinner,0,9,491,443,477,11.9
2026-05-29,Friday,Breakfast,0,25,475,381,410,10.1
2026-05-29,Friday,Lunch,0,25,475,416,451,12.2
2026-05-29,Friday,Dinner,0,25,475,413,457,15.4
2026-05-30,Saturday,Breakfast,0,28,472,277,313,12.6
2026-05-30,Saturday,Lunch,0,28,472,330,376,16.1
2026-05-30,Saturday,Dinner,0,28,472,311,352,14.3
2026-05-31,Sunday,Breakfast,0,32,468,289,330,14.3
2026-05-31,Sunday,Lunch,0,32,468,336,380,15.4
2026-05-31,Sunday,Dinner,0,32,468,301,345,15.4
2026-06-01,Monday,Breakfast,0,13,487,388,422,11.9
2026-06-01,Monday,Lunch,0,13,487,427,466,13.6
2026-06-01,Monday,Dinner,0,13,487,450,484,11.9
2026-06-02,Tuesday,Breakfast,0,12,488,400,450,17.5
2026-06-02,Tuesday,Lunch,0,12,488,426,452,9.1
2026-06-02,Tuesday,Dinner,0,12,488,423,484,21.3
2026-06-03,Wednesday,Breakfast,0,3,497,412,460,16.8
2026-06-03,Wednesday,Lunch,0,3,497,422,447,8.8
2026-06-03,Wednesday,Dinner,0,3,497,460,513,18.5
2026-06-04,Thursday,Breakfast,0,21,479,393,433,14.0
2026-06-04,Thursday,Lunch,0,21,479,423,467,15.4
2026-06-04,Thursday,Dinner,0,21,479,442,502,21.0
2026-06-05,Friday,Breakfast,0,5,495,403,424,7.3
2026-06-05,Friday,Lunch,0,5,495,442,495,18.5
2026-06-05,Friday,Dinner,0,5,495,459,491,11.2
2026-06-06,Saturday,Breakfast,0,46,454,245,266,7.3
2026-06-06,Saturday,Lunch,0,46,454,335,363,9.8
2026-06-06,Saturday,Dinner,0,46,454,293,322,10.1
2026-06-07,Sunday,Breakfast,0,37,463,281,312,10.8
2026-06-07,Sunday,Lunch,0,37,463,316,346,10.5
2026-06-07,Sunday,Dinner,0,37,463,300,344,15.4
2026-06-08,Monday,Breakfast,0,2,498,407,453,16.1
2026-06-08,Monday,Lunch,0,2,498,437,464,9.4
2026-06-08,Monday,Dinner,0,2,498,447,475,9.8
2026-06-09,Tuesday,Breakfast,0,5,495,410,444,11.9
2026-06-09,Tuesday,Lunch,0,5,495,434,484,17.5
2026-06-09,Tuesday,Dinner,0,5,495,455,485,10.5
2026-06-10,Wednesday,Breakfast,1,8,492,420,448,9.8
2026-06-10,Wednesday,Lunch,1,8,492,443,481,13.3
2026-06-10,Wednesday,Dinner,1,8,492,465,511,16.1
2026-06-11,Thursday,Breakfast,1,11,489,425,480,19.2
2026-06-11,Thursday,Lunch,1,11,489,447,508,21.3
2026-06-11,Thursday,Dinner,1,11,489,466,532,23.1
2026-06-12,Friday,Breakfast,1,11,489,423,478,19.2
2026-06-12,Friday,Lunch,1,11,489,447,478,10.8
2026-06-12,Friday,Dinner,1,11,489,470,510,14.0
2026-06-13,Saturday,Breakfast,1,54,446,277,301,8.4
2026-06-13,Saturday,Lunch,1,54,446,359,378,6.6
2026-06-13,Saturday,Dinner,1,54,446,309,332,8.0
2026-06-14,Sunday,Breakfast,1,43,457,291,320,10.1
2026-06-14,Sunday,Lunch,1,43,457,342,374,11.2
2026-06-14,Sunday,Dinner,1,43,457,320,353,11.5
2026-06-15,Monday,Breakfast,1,7,493,419,455,12.6
2026-06-15,Monday,Lunch,1,7,493,452,480,9.8
2026-06-15,Monday,Dinner,1,7,493,457,520,22.0
2026-06-16,Tuesday,Breakfast,1,22,478,424,478,18.9
2026-06-16,Tuesday,Lunch,1,22,478,435,480,15.7
2026-06-16,Tuesday,Dinner,1,22,478,454,503,17.1
2026-06-17,Wednesday,Breakfast,1,9,491,442,469,9.4
2026-06-17,Wednesday,Lunch,1,9,491,447,498,17.8
2026-06-17,Wednesday,Dinner,1,9,491,452,500,16.8
2026-06-18,Thursday,Breakfast,1,3,497,438,464,9.1
2026-06-18,Thursday,Lunch,1,3,497,457,487,10.5
2026-06-18,Thursday,Dinner,1,3,497,465,496,10.8
2026-06-19,Friday,Breakfast,1,7,493,423,482,20.6
2026-06-19,Friday,Lunch,1,7,493,458,499,14.3
2026-06-19,Friday,Dinner,1,7,493,460,528,23.8
2026-06-20,Saturday,Breakfast,1,38,462,281,322,14.3
2026-06-20,Saturday,Lunch,1,38,462,358,385,9.4
2026-06-20,Saturday,Dinner,1,38,462,326,347,7.3
2026-06-21,Sunday,Breakfast,1,43,457,289,319,10.5
2026-06-21,Sunday,Lunch,1,43,457,335,377,14.7
2026-06-21,Sunday,Dinner,1,43,457,325,347,7.7
2026-06-22,Monday,Breakfast,0,7,493,386,424,13.3
2026-06-22,Monday,Lunch,0,7,493,429,476,16.4
2026-06-22,Monday,Dinner,0,7,493,440,474,11.9
2026-06-23,Tuesday,Breakfast,0,5,495,408,448,14.0
2026-06-23,Tuesday,Lunch,0,5,495,429,464,12.2
2026-06-23,Tuesday,Dinner,0,5,495,445,473,9.8
2026-06-24,Wednesday,Breakfast,0,18,482,389,418,10.1
2026-06-24,Wednesday,Lunch,0,18,482,435,482,16.4
2026-06-24,Wednesday,Dinner,0,18,482,441,483,14.7
2026-06-25,Thursday,Breakfast,0,2,498,398,454,19.6
2026-06-25,Thursday,Lunch,0,2,498,441,504,22.0
2026-06-25,Thursday,Dinner,0,2,498,442,472,10.5
2026-06-26,Friday,Breakfast,0,12,488,398,440,14.7
2026-06-26,Friday,Lunch,0,12,488,428,483,19.2
2026-06-26,Friday,Dinner,0,12,488,440,470,10.5
2026-06-27,Saturday,Breakfast,0,38,462,264,298,11.9
2026-06-27,Saturday,Lunch,0,38,462,335,363,9.8
2026-06-27,Saturday,Dinner,0,38,462,321,365,15.4
2026-06-28,Sunday,Breakfast,0,47,453,258,282,8.4
2026-06-28,Sunday,Lunch,0,47,453,319,344,8.8
2026-06-28,Sunday,Dinner,0,47,453,272,305,11.5
2026-06-29,Monday,Breakfast,0,2,498,408,465,19.9
2026-06-29,Monday,Lunch,0,2,498,446,508,21.7
2026-06-29,Monday,Dinner,0,2,498,426,473,16.4
2026-06-30,Tuesday,Breakfast,0,3,497,418,444,9.1
2026-06-30,Tuesday,Lunch,0,3,497,442,487,15.7
2026-06-30,Tuesday,Dinner,0,3,497,459,522,22.0
2026-07-01,Wednesday,Breakfast,0,9,491,406,438,11.2
2026-07-01,Wednesday,Lunch,0,9,491,440,463,8.0
2026-07-01,Wednesday,Dinner,0,9,491,433,479,16.1
2026-07-02,Thursday,Breakfast,0,14,486,401,434,11.5
2026-07-02,Thursday,Lunch,0,14,486,440,468,9.8
2026-07-02,Thursday,Dinner,0,14,486,432,463,10.8
2026-07-03,Friday,Breakfast,0,17,483,405,451,16.1
2026-07-03,Friday,Lunch,0,17,483,429,461,11.2
2026-07-03,Friday,Dinner,0,17,483,453,491,13.3
2026-07-04,Saturday,Breakfast,0,29,471,288,315,9.4
2026-07-04,Saturday,Lunch,0,29,471,340,377,12.9
2026-07-04,Saturday,Dinner,0,29,471,332,349,5.9
2026-07-05,Sunday,Breakfast,0,50,450,266,303,12.9
2026-07-05,Sunday,Lunch,0,50,450,316,350,11.9
2026-07-05,Sunday,Dinner,0,50,450,297,329,11.2
2026-07-06,Monday,Breakfast,0,21,479,387,442,19.2
2026-07-06,Monday,Lunch,0,21,479,420,445,8.8
2026-07-06,Monday,Dinner,0,21,479,438,503,22.8
2026-07-07,Tuesday,Breakfast,0,27,473,393,428,12.2
2026-07-07,Tuesday,Lunch,0,27,473,414,467,18.5
2026-07-07,Tuesday,Dinner,0,27,473,421,442,7.3
2026-07-08,Wednesday,Breakfast,0,5,495,389,429,14.0
2026-07-08,Wednesday,Lunch,0,5,495,433,469,12.6
2026-07-08,Wednesday,Dinner,0,5,495,451,506,19.2
2026-07-09,Thursday,Breakfast,0,2,498,405,443,13.3
2026-07-09,Thursday,Lunch,0,2,498,435,478,15.0
2026-07-09,Thursday,Dinner,0,2,498,445,485,14.0
2026-07-10,Friday,Breakfast,1,10,490,433,479,16.1
2026-07-10,Friday,Lunch,1,10,490,445,510,22.8
2026-07-10,Friday,Dinner,1,10,490,470,500,10.5
2026-07-11,Saturday,Breakfast,1,35,465,291,334,15.0
2026-07-11,Saturday,Lunch,1,35,465,383,404,7.3
2026-07-11,Saturday,Dinner,1,35,465,326,366,14.0
2026-07-12,Sunday,Breakfast,1,41,459,287,307,7.0
2026-07-12,Sunday,Lunch,1,41,459,379,400,7.3
2026-07-12,Sunday,Dinner,1,41,459,310,349,13.6
2026-07-13,Monday,Breakfast,1,20,480,391,427,12.6
2026-07-13,Monday,Lunch,1,20,480,458,488,10.5
2026-07-13,Monday,Dinner,1,20,480,435,464,10.1
2026-07-14,Tuesday,Breakfast,1,3,497,424,472,16.8
2026-07-14,Tuesday,Lunch,1,3,497,458,488,10.5
2026-07-14,Tuesday,Dinner,1,3,497,471,528,19.9
2026-07-15,Wednesday,Breakfast,1,11,489,425,455,10.5
2026-07-15,Wednesday,Lunch,1,11,489,461,484,8.0
2026-07-15,Wednesday,Dinner,1,11,489,453,480,9.4
2026-07-16,Thursday,Breakfast,1,8,492,432,481,17.1
2026-07-16,Thursday,Lunch,1,8,492,454,487,11.5
2026-07-16,Thursday,Dinner,1,8,492,465,521,19.6
2026-07-17,Friday,Breakfast,1,13,487,426,464,13.3
2026-07-17,Friday,Lunch,1,13,487,442,477,12.2
2026-07-17,Friday,Dinner,1,13,487,468,533,22.8
2026-07-18,Saturday,Breakfast,1,41,459,276,301,8.8
2026-07-18,Saturday,Lunch,1,41,459,341,370,10.1
2026-07-18,Saturday,Dinner,1,41,459,313,347,11.9
2026-07-19,Sunday,Breakfast,1,44,456,273,297,8.4
2026-07-19,Sunday,Lunch,1,44,456,330,356,9.1
2026-07-19,Sunday,Dinner,1,44,456,336,384,16.8
2026-07-20,Monday,Breakfast,1,8,492,432,491,20.6
2026-07-20,Monday,Lunch,1,8,492,467,527,21.0
2026-07-20,Monday,Dinner,1,8,492,467,510,15.0
2026-07-21,Tuesday,Breakfast,1,24,476,420,451,10.8
2026-07-21,Tuesday,Lunch,1,24,476,444,509,22.8
2026-07-21,Tuesday,Dinner,1,24,476,450,496,16.1
2026-07-22,Wednesday,Breakfast,0,8,492,395,415,7.0
2026-07-22,Wednesday,Lunch,0,8,492,416,459,15.0
2026-07-22,Wednesday,Dinner,0,8,492,448,499,17.8
2026-07-23,Thursday,Breakfast,0,9,491,407,427,7.0
2026-07-23,Thursday,Lunch,0,9,491,434,481,16.4
2026-07-23,Thursday,Dinner,0,9,491,451,503,18.2
2026-07-24,Friday,Breakfast,0,2,498,395,435,14.0
2026-07-24,Friday,Lunch,0,2,498,434,481,16.4
2026-07-24,Friday,Dinner,0,2,498,450,483,11.5
2026-07-25,Saturday,Breakfast,0,30,470,264,286,7.7
2026-07-25,Saturday,Lunch,0,30,470,328,362,11.9
2026-07-25,Saturday,Dinner,0,30,470,316,346,10.5
2026-07-26,Sunday,Breakfast,0,42,458,267,299,11.2
2026-07-26,Sunday,Lunch,0,42,458,335,353,6.3
2026-07-26,Sunday,Dinner,0,42,458,282,310,9.8
2026-07-27,Monday,Breakfast,0,2,498,418,471,18.5
2026-07-27,Monday,Lunch,0,2,498,437,488,17.8
2026-07-27,Monday,Dinner,0,2,498,465,508,15.0
2026-07-28,Tuesday,Breakfast,0,16,484,391,441,17.5
2026-07-28,Tuesday,Lunch,0,16,484,415,460,15.7
2026-07-28,Tuesday,Dinner,0,16,484,444,482,13.3
2026-07-29,Wednesday,Breakfast,0,4,496,404,446,14.7
2026-07-29,Wednesday,Lunch,0,4,496,440,497,19.9
2026-07-29,Wednesday,Dinner,0,4,496,452,504,18.2
2026-07-30,Thursday,Breakfast,0,17,483,400,429,10.1
2026-07-30,Thursday,Lunch,0,17,483,409,469,21.0
2026-07-30,Thursday,Dinner,0,17,483,434,496,21.7
2026-07-31,Friday,Breakfast,0,16,484,398,419,7.3
2026-07-31,Friday,Lunch,0,16,484,415,474,20.6
2026-07-31,Friday,Dinner,0,16,484,446,511,22.8
2026-08-01,Saturday,Breakfast,0,39,461,274,311,12.9
2026-08-01,Saturday,Lunch,0,39,461,327,370,15.0
2026-08-01,Saturday,Dinner,0,39,461,308,324,5.6
2026-08-02,Sunday,Breakfast,0,31,469,277,294,5.9
2026-08-02,Sunday,Lunch,0,31,469,339,367,9.8
2026-08-02,Sunday,Dinner,0,31,469,300,336,12.6
2026-08-03,Monday,Breakfast,0,10,490,397,438,14.3
2026-08-03,Monday,Lunch,0,10,490,424,471,16.4
2026-08-03,Monday,Dinner,0,10,490,451,513,21.7
2026-08-04,Tuesday,Breakfast,0,3,497,413,434,7.3
2026-08-04,Tuesday,Lunch,0,3,497,438,501,22.0
2026-08-04,Tuesday,Dinner,0,3,497,457,516,20.6
2026-08-05,Wednesday,Breakfast,0,8,492,417,457,14.0
2026-08-05,Wednesday,Lunch,0,8,492,442,507,22.8
2026-08-05,Wednesday,Dinner,0,8,492,445,501,19.6
2026-08-06,Thursday,Breakfast,0,2,498,390,438,16.8
2026-08-06,Thursday,Lunch,0,2,498,434,471,12.9
2026-08-06,Thursday,Dinner,0,2,498,445,480,12.2
2026-08-07,Friday,Breakfast,0,5,495,398,419,7.3
2026-08-07,Friday,Lunch,0,5,495,416,465,17.1
2026-08-07,Friday,Dinner,0,5,495,433,464,10.8
2026-08-08,Saturday,Breakfast,0,39,461,259,294,12.2
2026-08-08,Saturday,Lunch,0,39,461,331,367,12.6
2026-08-08,Saturday,Dinner,0,39,461,306,326,7.0
2026-08-09,Sunday,Breakfast,0,40,460,271,301,10.5
2026-08-09,Sunday,Lunch,0,40,460,315,336,7.3
2026-08-09,Sunday,Dinner,0,40,460,299,320,7.3
2026-08-10,Monday,Breakfast,1,15,485,415,450,12.2
2026-08-10,Monday,Lunch,1,15,485,465,520,19.2
2026-08-10,Monday,Dinner,1,15,485,455,484,10.1
2026-08-11,Tuesday,Breakfast,1,8,492,434,465,10.8
2026-08-11,Tuesday,Lunch,1,8,492,481,532,17.8
2026-08-11,Tuesday,Dinner,1,8,492,476,504,9.8
2026-08-12,Wednesday,Breakfast,1,9,491,433,460,9.4
2026-08-12,Wednesday,Lunch,1,9,491,459,512,18.5
2026-08-12,Wednesday,Dinner,1,9,491,469,518,17.1
2026-08-13,Thursday,Breakfast,1,10,490,418,454,12.6
2026-08-13,Thursday,Lunch,1,10,490,464,510,16.1
2026-08-13,Thursday,Dinner,1,10,490,455,481,9.1
2026-08-14,Friday,Breakfast,1,16,484,410,433,8.0
2026-08-14,Friday,Lunch,1,16,484,449,493,15.4
2026-08-14,Friday,Dinner,1,16,484,471,522,17.8
2026-08-15,Saturday,Breakfast,1,37,463,302,337,12.2
2026-08-15,Saturday,Lunch,1,37,463,340,386,16.1
2026-08-15,Saturday,Dinner,1,37,463,328,370,14.7
2026-08-16,Sunday,Breakfast,1,45,455,290,329,13.6
2026-08-16,Sunday,Lunch,1,45,455,358,400,14.7
2026-08-16,Sunday,Dinner,1,45,455,323,361,13.3
2026-08-17,Monday,Breakfast,1,20,480,424,451,9.4
2026-08-17,Monday,Lunch,1,20,480,442,496,18.9
2026-08-17,Monday,Dinner,1,20,480,447,476,10.1
2026-08-18,Tuesday,Breakfast,1,14,486,426,468,14.7
2026-08-18,Tuesday,Lunch,1,14,486,453,504,17.8
2026-08-18,Tuesday,Dinner,1,14,486,462,497,12.2
2026-08-19,Wednesday,Breakfast,1,15,485,443,499,19.6
2026-08-19,Wednesday,Lunch,1,15,485,453,500,16.4
2026-08-19,Wednesday,Dinner,1,15,485,456,522,23.1
2026-08-20,Thursday,Breakfast,1,19,481,404,461,19.9
2026-08-20,Thursday,Lunch,1,19,481,442,477,12.2
2026-08-20,Thursday,Dinner,1,19,481,458,513,19.2
2026-08-21,Friday,Breakfast,1,12,488,417,452,12.2
2026-08-21,Friday,Lunch,1,12,488,449,510,21.3
2026-08-21,Friday,Dinner,1,12,488,464,532,23.8
2026-08-22,Saturday,Breakfast,0,42,458,260,273,4.5
2026-08-22,Saturday,Lunch,0,42,458,345,385,14.0
2026-08-22,Saturday,Dinner,0,42,458,297,325,9.8
2026-08-23,Sunday,Breakfast,0,31,469,250,266,5.6
2026-08-23,Sunday,Lunch,0,31,469,344,368,8.4
2026-08-23,Sunday,Dinner,0,31,469,314,332,6.3
2026-08-24,Monday,Breakfast,0,18,482,408,439,10.8
2026-08-24,Monday,Lunch,0,18,482,430,469,13.6
2026-08-24,Monday,Dinner,0,18,482,432,481,17.1
2026-08-25,Tuesday,Breakfast,0,2,498,401,460,20.6
2026-08-25,Tuesday,Lunch,0,2,498,447,479,11.2
2026-08-25,Tuesday,Dinner,0,2,498,446,477,10.8
2026-08-26,Wednesday,Breakfast,0,12,488,397,431,11.9
2026-08-26,Wednesday,Lunch,0,12,488,428,490,21.7
2026-08-26,Wednesday,Dinner,0,12,488,450,480,10.5
2026-08-27,Thursday,Breakfast,0,14,486,403,454,17.8
2026-08-27,Thursday,Lunch,0,14,486,432,480,16.8
2026-08-27,Thursday,Dinner,0,14,486,443,470,9.4
2026-08-28,Friday,Breakfast,0,19,481,399,438,13.6
2026-08-28,Friday,Lunch,0,19,481,416,445,10.1
2026-08-28,Friday,Dinner,0,19,481,450,494,15.4
2026-08-29,Saturday,Breakfast,0,40,460,259,278,6.6
2026-08-29,Saturday,Lunch,0,40,460,324,354,10.5
2026-08-29,Saturday,Dinner,0,40,460,308,323,5.2
2026-08-30,Sunday,Breakfast,0,38,462,261,286,8.8
2026-08-30,Sunday,Lunch,0,38,462,316,353,12.9
2026-08-30,Sunday,Dinner,0,38,462,307,348,14.3
2026-08-31,Monday,Breakfast,0,6,494,404,433,10.1
2026-08-31,Monday,Lunch,0,6,494,458,513,19.2
2026-08-31,Monday,Dinner,0,6,494,444,491,16.4
2026-09-01,Tuesday,Breakfast,0,6,494,405,439,11.9
2026-09-01,Tuesday,Lunch,0,6,494,424,469,15.7
2026-09-01,Tuesday,Dinner,0,6,494,441,493,18.2
2026-09-02,Wednesday,Breakfast,0,8,492,409,436,9.4
2026-09-02,Wednesday,Lunch,0,8,492,435,487,18.2
2026-09-02,Wednesday,Dinner,0,8,492,434,457,8.0
2026-09-03,Thursday,Breakfast,0,22,478,395,449,18.9
2026-09-03,Thursday,Lunch,0,22,478,429,465,12.6
2026-09-03,Thursday,Dinner,0,22,478,436,493,19.9
2026-09-04,Friday,Breakfast,0,19,481,396,433,12.9
2026-09-04,Friday,Lunch,0,19,481,427,479,18.2
2026-09-04,Friday,Dinner,0,19,481,454,480,9.1
2026-09-05,Saturday,Breakfast,0,33,467,265,299,11.9
2026-09-05,Saturday,Lunch,0,33,467,335,370,12.2
2026-09-05,Saturday,Dinner,0,33,467,324,363,13.6
2026-09-06,Sunday,Breakfast,0,40,460,268,286,6.3
2026-09-06,Sunday,Lunch,0,40,460,326,343,5.9
2026-09-06,Sunday,Dinner,0,40,460,301,323,7.7
2026-09-07,Monday,Breakfast,0,18,482,394,442,16.8
2026-09-07,Monday,Lunch,0,18,482,419,454,12.2
2026-09-07,Monday,Dinner,0,18,482,449,488,13.6
2026-09-08,Tuesday,Breakfast,0,13,487,409,447,13.3
2026-09-08,Tuesday,Lunch,0,13,487,427,485,20.3
2026-09-08,Tuesday,Dinner,0,13,487,456,519,22.0
2026-09-09,Wednesday,Breakfast,0,2,498,402,445,15.0
2026-09-09,Wednesday,Lunch,0,2,498,453,508,19.2
2026-09-09,Wednesday,Dinner,0,2,498,462,491,10.1
2026-09-10,Thursday,Breakfast,1,14,486,425,453,9.8
2026-09-10,Thursday,Lunch,1,14,486,455,500,15.7
2026-09-10,Thursday,Dinner,1,14,486,458,492,11.9
2026-09-11,Friday,Breakfast,1,11,489,436,480,15.4
2026-09-11,Friday,Lunch,1,11,489,466,496,10.5
2026-09-11,Friday,Dinner,1,11,489,447,486,13.6
2026-09-12,Saturday,Breakfast,1,32,468,306,344,13.3
2026-09-12,Saturday,Lunch,1,32,468,344,363,6.6
2026-09-12,Saturday,Dinner,1,32,468,324,345,7.3
2026-09-13,Sunday,Breakfast,1,27,473,300,339,13.6
2026-09-13,Sunday,Lunch,1,27,473,348,386,13.3
2026-09-13,Sunday,Dinner,1,27,473,326,365,13.6
2026-09-14,Monday,Breakfast,1,9,491,423,445,7.7
2026-09-14,Monday,Lunch,1,9,491,465,510,15.7
2026-09-14,Monday,Dinner,1,9,491,478,542,22.4
2026-09-15,Tuesday,Breakfast,1,14,486,435,494,20.6
2026-09-15,Tuesday,Lunch,1,14,486,449,483,11.9
2026-09-15,Tuesday,Dinner,1,14,486,459,484,8.8
2026-09-16,Wednesday,Breakfast,1,16,484,421,443,7.7
2026-09-16,Wednesday,Lunch,1,16,484,448,512,22.4
2026-09-16,Wednesday,Dinner,1,16,484,449,485,12.6
2026-09-17,Thursday,Breakfast,1,8,492,428,455,9.4
2026-09-17,Thursday,Lunch,1,8,492,466,510,15.4
2026-09-17,Thursday,Dinner,1,8,492,470,517,16.4
2026-09-18,Friday,Breakfast,1,24,476,412,438,9.1
2026-09-18,Friday,Lunch,1,24,476,433,483,17.5
2026-09-18,Friday,Dinner,1,24,476,458,525,23.4
2026-09-19,Saturday,Breakfast,1,41,459,282,308,9.1
2026-09-19,Saturday,Lunch,1,41,459,351,392,14.3
2026-09-19,Saturday,Dinner,1,41,459,323,366,15.0
2026-09-20,Sunday,Breakfast,1,40,460,293,322,10.1
2026-09-20,Sunday,Lunch,1,40,460,363,401,13.3
2026-09-20,Sunday,Dinner,1,40,460,325,342,5.9
2026-09-21,Monday,Breakfast,1,13,487,428,478,17.5
2026-09-21,Monday,Lunch,1,13,487,459,500,14.3
2026-09-21,Monday,Dinner,1,13,487,451,502,17.8
2026-09-22,Tuesday,Breakfast,0,13,487,391,449,20.3
2026-09-22,Tuesday,Lunch,0,13,487,438,494,19.6
2026-09-22,Tuesday,Dinner,0,13,487,435,481,16.1
2026-09-23,Wednesday,Breakfast,0,15,485,401,437,12.6
2026-09-23,Wednesday,Lunch,0,15,485,438,495,19.9
2026-09-23,Wednesday,Dinner,0,15,485,424,477,18.5
2026-09-24,Thursday,Breakfast,0,10,490,415,469,18.9
2026-09-24,Thursday,Lunch,0,10,490,432,453,7.3
2026-09-24,Thursday,Dinner,0,10,490,430,465,12.2
2026-09-25,Friday,Breakfast,0,4,496,390,436,16.1
2026-09-25,Friday,Lunch,0,4,496,426,457,10.8
2026-09-25,Friday,Dinner,0,4,496,424,461,12.9
